{
  "name": "WhatsApp FactCheck Workflow (n8n)",
  "nodes": [
    {
      "parameters": {
        "path": "twilio-webhook",
        "httpMethod": "POST",
        "responseMode": "onReceived",
        "options": {}
      },
      "name": "Webhook (Twilio)",
      "type": "n8n-nodes-base.webhook",
      "typeVersion": 1,
      "position": [
        250,
        300
      ]
    },
    {
      "parameters": {
        "functionCode": "// Normalize Twilio webhook payload (form-urlencoded). \n// Twilio sends Body, From, NumMedia, MediaUrl0... MediaUrlN if media present.\n// Input: webhook JSON\nconst body = $json;\nconst messageText = body.Body || \"\";\nconst from = body.From || \"\";\nconst numMedia = parseInt(body.NumMedia || \"0\", 10) || 0;\nlet mediaUrls = [];\nfor (let i = 0; i < numMedia; i++) {\n  const key = `MediaUrl${i}`;\n  if (body[key]) mediaUrls.push(body[key]);\n}\nreturn [{\n  json: {\n    raw: body,\n    messageText,\n    from,\n    numMedia,\n    mediaUrls,\n    timestamp: new Date().toISOString()\n  }\n}];"
      },
      "name": "Normalize Message",
      "type": "n8n-nodes-base.function",
      "typeVersion": 1,
      "position": [
        520,
        300
      ]
    },
    {
      "parameters": {
        "requestMethod": "GET",
        "url": "https://factchecktools.googleapis.com/v1alpha1/claims:search",
        "queryParametersUi": {
          "parameter": [
            {
              "name": "query",
              "value": "={{$json[\"messageText\"]}}"
            },
            {
              "name": "languageCode",
              "value": "en"
            },
            {
              "name": "key",
              "value": "AIzaSyA24xULz3DgBkKAdsXfu-89-obvtCijegc"
            }
          ]
        },
        "options": {}
      },
      "name": "Google Fact Check",
      "type": "n8n-nodes-base.httpRequest",
      "typeVersion": 1,
      "position": [
        800,
        240
      ]
    },
    {
      "parameters": {
        "functionCode": "// Parse Fact Check API response and produce verdict, explanation, confidence\nconst resp = $json || {};\nconst results = resp.claims || [];\nlet verdict = \"UNKNOWN\";\nlet explanation = \"\";\nlet sources = [];\nlet score = 25;\n\nif (results.length === 0) {\n  verdict = \"UNKNOWN\";\n  explanation = \"No matching fact-checks found in Google Fact Check Tools for the submitted text. This does not prove the claim is true \u2014 it means no published ClaimReview matched our query.\";\n  score = 25;\n} else {\n  const top = results[0];\n  const reviews = top.claimReview || [];\n  sources = reviews.map(r => ({\n    publisher: r.publisher && r.publisher.name,\n    url: r.url,\n    rating: r.textualRating\n  }));\n  const ratings = reviews.map(r => (r.textualRating || \"\").toLowerCase());\n  if (ratings.some(r => r.includes(\"false\") || r.includes(\"misleading\"))) verdict = \"FALSE\";\n  else if (ratings.some(r => r.includes(\"true\") || r.includes(\"correct\"))) verdict = \"TRUE\";\n  else if (ratings.some(r => r.includes(\"mixt\") || r.includes(\"partly\") || r.includes(\"partly\"))) verdict = \"MIXED\";\n  else verdict = \"UNKNOWN\";\n\n  const topReview = reviews[0] || {};\n  explanation = `Fact-check by ${topReview.publisher && topReview.publisher.name || \"a publisher\"} (${topReview.reviewDate || \"date unknown\"}) concluded: ${topReview.textualRating || \"rating not given\"}. Summary: ${topReview.title || topReview.excerpt || top.claimReviewed || \"No summary available.\"} Read more: ${topReview.url || \"N/A\"}`;\n  score = 60 + Math.min(30, (new Set(sources.map(s => s.publisher)).size - 1) * 10);\n  if (verdict === \"UNKNOWN\") score = 40;\n}\n\nreturn [{\n  json: {\n    verdict,\n    explanation,\n    sources,\n    confidence_score: score,\n    original_text: $json.messageText || null,\n    sender: $json.from || null,\n    timestamp: new Date().toISOString()\n  }\n}];"
      },
      "name": "Parse FactCheck",
      "type": "n8n-nodes-base.function",
      "typeVersion": 1,
      "position": [
        1060,
        240
      ]
    },
    {
      "parameters": {
        "operation": "append",
        "sheetId": "YOUR_GOOGLE_SHEET_ID_HERE",
        "range": "Sheet1!A1:G1",
        "valueInputMode": "RAW",
        "options": {},
        "columnsUi": {
          "column": [
            {
              "columnId": "Timestamp",
              "value": "={{$json[\"timestamp\"]}}"
            },
            {
              "columnId": "Sender",
              "value": "={{$json[\"sender\"]}}"
            },
            {
              "columnId": "Message",
              "value": "={{$json[\"original_text\"]}}"
            },
            {
              "columnId": "Verdict",
              "value": "={{$json[\"verdict\"]}}"
            },
            {
              "columnId": "Explanation",
              "value": "={{$json[\"explanation\"]}}"
            },
            {
              "columnId": "Sources",
              "value": "={{JSON.stringify($json[\"sources\"])}}"
            },
            {
              "columnId": "Confidence",
              "value": "={{$json[\"confidence_score\"]}}"
            }
          ]
        }
      },
      "name": "Google Sheets Append",
      "type": "n8n-nodes-base.googleSheets",
      "typeVersion": 1,
      "position": [
        1340,
        240
      ],
      "credentials": {
        "googleSheetsOAuth2": {
          "id": "GOOGLE_SHEETS_OAUTH_CREDENTIAL_ID",
          "name": "googleSheetsOAuth2"
        }
      }
    },
    {
      "parameters": {
        "requestMethod": "POST",
        "url": "https://api.twilio.com/2010-04-01/Accounts/US597be17502493697db96575ab77b0412/Messages.json",
        "jsonParameters": true,
        "options": {},
        "headerParametersUi": {
          "parameter": []
        },
        "bodyParametersJson": "{\"To\":\"={{$json[\"sender\"]}}\",\"From\":\"whatsapp:+14155238886\",\"Body\":\"Verdict: {{$json[\"verdict\"]}}\\nConfidence: {{$json[\"confidence_score\"]}}\\nShort reason: {{$json[\"explanation\"].slice(0,300)}}\\nDetails saved to Google Sheet.\"}"
      },
      "name": "Reply via Twilio",
      "type": "n8n-nodes-base.httpRequest",
      "typeVersion": 1,
      "position": [
        1600,
        300
      ],
      "credentials": {
        "httpBasicAuth": {
          "id": "twilio_basic_auth",
          "name": "twilio_basic_auth"
        }
      }
    }
  ],
  "connections": {
    "Webhook (Twilio)": {
      "main": [
        [
          {
            "node": "Normalize Message",
            "type": "main",
            "index": 0
          }
        ]
      ]
    },
    "Normalize Message": {
      "main": [
        [
          {
            "node": "Google Fact Check",
            "type": "main",
            "index": 0
          }
        ]
      ]
    },
    "Google Fact Check": {
      "main": [
        [
          {
            "node": "Parse FactCheck",
            "type": "main",
            "index": 0
          }
        ]
      ]
    },
    "Parse FactCheck": {
      "main": [
        [
          {
            "node": "Google Sheets Append",
            "type": "main",
            "index": 0
          },
          {
            "node": "Reply via Twilio",
            "type": "main",
            "index": 0
          }
        ]
      ]
    }
  },
  "active": false,
  "settings": {
    "executionOrder": "v1"
  },
  "meta": {},
  "credentials": {
    "httpBasicAuth": {
      "id": "twilio_basic_auth",
      "name": "twilio_basic_auth",
      "data": {
        "user": "US597be17502493697db96575ab77b0412",
        "password": "AC14ed89ceab55469b1a8282549b6a9943"
      }
    },
    "googleSheetsOAuth2": {
      "id": "GOOGLE_SHEETS_OAUTH_CREDENTIAL_ID",
      "name": "googleSheetsOAuth2",
      "data": {}
    }
  }
}